{"file_hashes":[{"block_hashes":["sEEXUxjgJBp5wZwR9l+zranC7b7x8JP9X/mzHsWEoPA=","F7OpQIMdzkrnVlDVSwmIMlMTfr7cfEAJOpzZAasHgwI=","JrC6nL0mLM9SkB1bxyRps7fkqEcq3nwP7G5pP5gLD7o=","ce2y4lCQ6q9OtFzsPA9Kb2vuBqcDKig3EKoF+ynGyf8=","oxdBwY76hKJ2GMVI3gzdgdkHrKgi5kscpRqiQ8HtdC0="],"block_size":4096,"path":"_locales/iw/messages.json"},{"block_hashes":["xklkoZ7iSU1+7cd6DAtEmUC5lPFd+EgcbnzxkOiFwlk=","3KbsvoxKY/3AwqgF2aAdVQRpMhsNVRkQ3rx2A6Z2Z+Y=","o9+tsohquaCMj+70zeinRG/hBhA2uLoDl/WoC1uokME=","xV/K8xucyWJELVT8Cqn+ugFjobBVmg8pnmACF+2PP4Y=","p/mvJm2wuCl32Rx3it654MljKAsMe3S9IDEabc1A8mE=","j8mPrTb5oOsBTj2Fer78JE6xG6+kR64Cvu2SW8d3j/k=","nqSRpGQ3USU2bZJsZ+AzBmFOyann8omwJrhEWFZDTXc=","eTcQyJUuNuF9yCga/fXGyFCj/pysSceanhBzksdx23s=","Wj7faqnspelXKMvnduxHn1XUBG8TEOqyns7/oUihekM=","VtBwXoadI3EP336rAiL33Gz19KGqtN+RYdKnMKAXoLw=","iDgLXQqXJp8nCZxgLuC9LXM45DGfufvGnXvmHsn18wc=","g+RfdDfrWTUK0Pkcsbot7NJ4SC9wVRV/dVVMuHAtEj8=","2oC4HcCuXu3VjFf6wnKlznt9uqQNaebcuWpm/mWj69U=","aMUIpuFqPMiieSaWhIktCK62v2P3OZQAWupWsYzCnvk=","Lnb2LEtMtLWJCGUtUWftkTJKYT4zghUW+ljGX4+sMR8=","uD0VvuyrtMX8pL0Srswz2hCkA7SmqjZnLilZfK9gPBI=","5bwMxC3nb1ezecoNeVioa1ZQ8NaMfIOmW5hWVw0zs7Y=","8SU/I+rd4fcUukIumOV/9Fs3XQrGmugUgWHudyHZ70I=","mqVry7hishUun7pF3sSisqWrDjtBlgxkgu5VoS3KtF0=","kb5ooIgYWxs1F9yz2sU1Cc5u2CGefQHoUNRvf7gogwo=","2YxkAo9sFByHglpi6U9E/0XY1TUx9CfBWUKvq3ScP4c=","ZkMVos9J0E+0rQftLM+orOc0HOX09RCRkofVzUFaA/k=","mR3Ih3h6UvgYhwJlKO2xO8Mr0hLErDDs9JyagXXK4hI=","39iTX4rq5sAOWaoOsn/agKJDjlZaMfW9QRLM8+oN360=","JMqQGf6Wm+opg8xL+eTMnsLdha6EMX89wlTLr9UWPZE=","jsj1zH8moBkoh6nBWAWtrj61G25oHBpcnlQX1PsiOHY=","qJdgZ4n9eZMi3+Tl8GfnbcfZUVaRi1pv24kdbY98Jxw=","fiZ0Y3o4yqnx3BHA4rfVzZqHkFOa+3SqSqYwdvdurZg=","KH8Hv16c0W52KIBIVnwIsDz/rsces6rML4NSI3bAmFQ=","jOlo55B2UypAU8z/YCzSTTJ1j0VNU6S7ztgSD/JcXT0=","MlEMlI3tGc8st55i5fI5ZvQFqLeqsb9vG6Xf5GHLing=","T6a2HQbXYdUR4KeNVId6VeX33e5Pt0Cp6SYxF1A8Yf4=","pW2IlryenDyzGZozQtj3hdg4UuGN3mnTSNurRDZmi6U=","IuNqXQIIQPrDykcCqqe21Lsu2M0j1o3Nall7exENWs4=","446IG/B3vMqw3snKwdwrMbv4rqJtp/+YhyY+wsVuB6c=","4o6rbh8QHEzOr6a9H571uSuvnw0lGlSFvx3DSBkYrYo=","qp0XqJXw38fTzctroKCGmFkmzaWtUC14Hbv3b4+IaUc=","/NTz4wjfPb0JAfqcWbvWY36UdWOAeXrWvRXRuXVLP7A=","ikHY4m/DJPdxxuqkVtucd7dgLJJ7WSyBI6AuQVIW5ak=","jnhamwLv+SbAnvySCBUxGoQ1MQ/svqD0NahgoRzFaxQ=","/ugxBFGrgJD2Qw+eVs0ZCHNQHFad7aF9lmDjBuE3leo=","Bdt+X4sbBd0e2H1fpcydcR6KX/AFVzc3jOn3uvlqNEc=","HaTp+hFdAwCA5r4rytBdu6qjVRgQPVglMnsYJlbj368=","SgkePsmfT0gRWcxcPCqvm5ai3iNXK5uFUIVge2zhTjY=","54DM92ps/Rq9Vhc7cx05pB41Gh0yw4TU9k8x7IF6Btw=","MMBSrOA5MTMTLZfPwv1CU54HMLPt6DP5My9wMnc1YLY=","NATjRPNWXI98ibcv/TAU2ax0J5wgTcmktBEMU853xoM=","jpQsPgmD62+gMFeYCcQRLPc4k2c2wLnCq2Xy4kOGERc=","vywVzOokP4o26NzMNQWJoiNB+02WWdE2HI+wceB42nc=","ZL9cvZ8CbufJiu1wrH9oJq4S/cDJR0IYhSsyqlKbr+A=","BGc5qbH3edNBVphxEV2IPXpVayYPvgypoeVYaNFJzkM=","hEv5WhI8qBO1fitNQEUfMRYGbsFTIkHIw+qPI6mmkRI=","AvdpVop8+YlE+GXsj7nRQn72iKdW4Dn3F5w/No2wjNE=","m2VSOb5TeKjXpD0vPBNJ7wZjeG+r5ukJH/B0QXQgoww=","t9rSis3efk/y+1tcf3p2uiM8LVpzZx2Dfisan2k9Amg=","VjHjCoBxxisChXuOsGFQ6mz4oqc+7ozE3cZp/NI4I9s=","fu7n+B1Io+H5zRMm521cLDoGmrmZwGvOM2yy5hLzsCg=","BMh++vhvjofZPHjk8zUWTi5rGbiTVXPHKVzEhcZRHDo=","tb4ZtalGVKa+gaxqSAZl62CjMNojpzHp2GbPCg8PyOc=","zayRB9uxB3tJuJysui1TNDW1wdTGEXmza9QJifCMZyo=","allJFWghKaCbvb8bl7FmvjL92aMu9l5IkxYAZUVA8dA=","vlO10b75QzdFmsWXGiQnYNII5U+PuWEwG0f3BThKB+4=","wP7pNrtAKQT3muXUp+XSqKANXDJbmyydKDSFYxQ6d8I=","o9l9raXK/PWZsKtc1te4f5e6Nfgml7jNtsjOXrPZWKY=","Qw59ZPcnzTPcb/xkL9s7cirC5FZehgS/WLP6ek0jB7g=","n36VxkuJ7gUn7xpRabmEWhkhAYhJIevyoGlhHig3GUo=","4YI2ojON+6mmIECEG/D6D9stHhs+Owl+81+rPsHYAyw=","ci0pG4i/x64XILluJkadmAuW6GSJpmEFX0BO87CUTaU=","zwrakDBcP9EO39RO/O8kqJ4BGsY9SOZDSZVi1FyaiUA=","WOXe+PDMEwvBLKRo+Yi6MFy8qd+lgyrbtgrBR0M9vM4=","gSWW7myegqdr1JT50gzXUZUDcJ0fKE6Kov2Qhr1mce4=","ADPIZTyI+XOCV+fZHXJUl00UaUmXpveq8EUfQeJfWXU=","yZ47eOB/WLHgWU2Gvmv/sI+zMLW0s7FfWxDKjX4bxLM=","XDSczk7EZa5zocCBen6VTYtIVukK66PcMQy2qrv7qUo=","L4gNNieB13q+LnHfTdlIsm+VpF7C/lg7Bz1GunCduh0=","HDN9AIcjVXg76qTZFXdM23G9tNF1nEYJmv84Ciwe8NA=","RTJfddcVZs011yutcTSzal/Sltzw3ANLT5BAWDTstKA=","zIKnnkTtStH7xiShgWPCRJAMfEtQrtZct2LKqMMMu2I=","eNn+VlCTBHZntySFXrvexHw4F+naX8nzSVgIL417qMU=","gMuowlkYsxNubXypL8lnXwHFAyLfM08+PaqDTsntgII=","/s1kNY3ts2z4/n8e7hO5VHrFsXvtnmTCdnZHp3Ux/A0=","uIe9DJu1rt4BkZFAKMkHxRp/LlWo27SrA9S/U/zfDmc=","PYtlkxrSlhe4jjsynye3rq9EMAfLAze8LX8WTeKImQo=","efnGBVAUwbkXsUeGfcj6+BpqercfsZs9/L553rXZ+i8=","ErZS7aZG23jEEp2HDJHRD6AAC5115q5hX5Z0vvVXR8k=","WPW4cTGqExWbU3XXYytMBcEIL0ponOYRL2INLVxRmu4=","S9eOBFJLcxuJF9QKEP2CXaqY6WF7IcmMuFhb1hsL8mg=","QHuycrUI7iiPzYGOg5zta03MLsbI/WYKmqXaDL5bk8o=","3ATH/bIOQeWV64obGP1iI8c1vxipnbVJkrzkrCMbLl8=","bJgs/tThb7kkXkjmacA95r06DAcb5bQuQwzLmZleil8=","KxdvtUwctF0u3iefLyZ2Aag+xvFgDik32ahS77Z3MWc=","bPp+TJY/kuaByMlurUMXpxDJFmDHelK4jc24XnzHTEM=","GNN+T+Vz4fNxns7c8njbyi5OztShupJ3Q4e+Zpx+bOc=","/PZ/kyWGV04fZ4hbKJyIaAkv78hZS3Cctmm+0ZZLZ7I=","e9BPMkkkmgCEbngxcmMg/Cro1yuJJdWICFuKxeSwMPM=","NbK9lVTDVzF+GqUHL0jZ0E6SMOs3Kt3eEy46rY8hlqk=","GsAEJZJorPWbxB278j7wOa/ohsmTAJk+YfOZYs5vhbE=","vjN6sAipNUIF1bZdoVHa0tuT2ed5X6uM0o1r1njRj2I=","gJBrwGznCxTYPTQR2+NatCW4fTMwbadN74LDFAyitSc=","PgaJb9a+tE6Wz41uTQOEi79SBkIWlGYaCe7nwYdJ6nI=","H2qJvYT2tMhfTy6k8yLSQgjhn/cj8+jcGj0kzNsGC1U=","+C4kescf6q3iPqaV2FSEX/qMDRZ/FzM3R/dbALFIqvU=","6iEc7N9GOmQBOloJq9WPuf1PV5CipDF62J1eYF9BMzM=","M10U50q80kXkfw4DElPpYWnJsQuFiGhPzlOjcTRCmng=","C0oaQC0u6XrQI4Azm8JxeqpV93pOwomz/+GORabkB3M=","VbX8Fu7oi72cOzxzqHlUqyFf7JtU1AJoIS/Gwh5h+Zs=","/VPVzzeq7vb9kxfihum+OZCA9UfGcL9g5s/nAAtU6ww=","Qk8zgsaC/d9mSORgrGKB//SclUt9YlwRaHBrF3jnPis=","1aS+YKt89TPVWOc7JrTOet6Pc3MkY8IGKn5d/qbB0bE=","LI77XguarnkxUryyG+OC11tgF5oH1BBk/kmwgaTpWro=","MAjY00UP8zI78nWT2psiuQCOUGC6jDG2LrP/LdcKWTg=","QfHT99RpzXVBgt95IqHZNT8XjQV9WqEFguIbjbfwmjk=","40zkY/yypwvSyTrdq6kqiML8hY4RF4+K2MngmOx6fZQ=","wiTZGZlZnOemgZZ9BV9Ntrjbia+4gEymoF0Xz6WvHnM=","0yhMCgWWZY1IirKPteEOTaqvtEfhRjDw/znp0JwTiHY=","VqUeDjJsotm19aK1+KwAfI5niR+lt5R9LTB+AFyDPvQ=","utsEe1JZmZY9IPEwgWeONu7fVEJgWibenm2ND/1UW/U=","qBh1DIYMel6j9i+SqTQr07n9KAxFS3Zn05WlwKPnYeY=","z07uf0ImV3SeE8Nx3MVGtNwHooY8lBK1qC2lA/eRV+s=","s6BXZRdZWG6IsT8yUYXimzUZV5mQz0QhCT71wqN/7Vs=","X/lwkD1Q6mqkV9LHA13iXuVj6C6RFgb26YWEb+ojxSw=","0DAP3JrcpNAnuaFUvaKmr9UZvxuNWjgcj5M0c+XG2ro=","/S2O1m4oYsXVTJIcnpGj4OkiNi6wbEeYGdKa1OaawUQ=","5vigCgCwOLWIVdd16MGcIFHj9mSQzJKjYn+7EaSdvkI=","S20Pb5pKlhdKeQOtareGHHcLR1ik5/GZPVZHZW/GaDg=","N0A+Oqmr/ttu9iZH7jbDp1LOW4cJpxWISUUjcsVMBJM=","wSg/p+LeqqomcvoOvFCe5DRcVN4LcTVFo1MiwhcPEOA=","tlqk9dyHXwwp+UYdmhJD0aiNBJpkJlmR50n981C1qgA=","F62jG3/rk8Ut0VAjaCMVYF1BQf7F+KshAG/ffWp3+90=","QQSWCDJNwIuUWeil90n5Pz5SOWAwQSXJRnaF87/i6nM=","dUq78m5pb5CXur7gQYAWvIjRUUqeO2892KMdfXFpdBo=","jImpff7Wybndi8r5KzeWSi4EfIgWt/j82zLkuMCGid4=","DXCyYLkjhNwHTjzqlaelX+/ae+PSbdYiq3hzVUIQ8w0=","/bEM0LHOMEOBjSCGcmIk8UL++Gkxpg10QiKcOd7U0+o=","KI5l3jpGO8l0I4nImto0pSkuZQ4HWlhZnYBH1nXhbkM=","m/bPU1WghHmGprNOrmtLj6mZFROPWTqgFPX9R2dpyMw=","MWio7aPZIKwu2mYTPNqNHAOqazWskXhYgQQ5or2ECrM=","1K3gpxzd6ApERHS63q9FZbiIXZmYcZmtyasV3BfVumM=","mlqsjx29Rdjc+YpKIAOZWkKuw8AYgiDHIp9VrgB4woY=","dmAVptcswReY2Q6WngRUYfqiAkTYmL5S4l3yXlf8984=","03aiY8QwPeynp77UKEUIhWDTD1ZRUqvQcCai8qmOLE4=","Ab8pZ3Znz8KdCkMfot40AchtVz8U6In2OQSXjqdQBAo=","tcWvKjhBHCHroyugUTo5uu9sNpbzY8wZUYjHT/nWQmM=","IwJ8wqwtkksH8nePxjnOo9F4thgfsu+mnXLTo/9OXT8=","7iRD4y63TjWfbmDRk3EoJvWmIsi3XgbPtyIadicEF4w="],"block_size":4096,"path":"angular.js"},{"block_hashes":["zMtau6wTu8scxkBc3R001yLY8b2ByBDNgEnviXQSVAE="],"block_size":4096,"path":"background_script.js"},{"block_hashes":["cjMzvWgzI4UlbXBgtbyy2EvbLBouukGKzzq7bV6fdJw=","m/z0LN0mxo7kSMR3BzG3cV6s3T5EC6kj3lVLyMG51fM=","tcyo3jGZzC8B3Lr1t45MFNKGt8a94FMFay4RhgWXDNc=","pDx/MtH745ULKWwBDk2bnYQMmjNiEcj4PEaXJqwHn/U=","Bczn7i/shoGw7gfUjXk7j0RO7bCgsQFdogmg6Es1SWU=","xq0ajrcYlzmtYNzVwSOfyIJ/WjCN9EJNg9vKcopvLzo=","Od1HhlSsO6mpQceTKGSiiAqkccNcKmgJVYhuLEHDQzM=","CLhvBbUJZP6ruh5IzJDogtBzWK7jZTU0r2hZ4AgOlWI=","QxqaORXUR6nL8KIOTKxe2jkhtOR5yeAh0B/YhJGlq/A=","otdO5eMk0PvrrYx0nrEYfS1psMGcJhB9JXRIdLN3lOI=","T14FueImd/1KDRPhqVLnfjuFUO/xpmS7kT0cnFhfiCQ=","eUeajSrK0abeG+HnvZ8ldPLwgEXlKRsaDe3h8Ce2+NM=","gfo9hxvgBm5MOHgc6DEG5mc3I5vIzUK/R8JNBTqpGsM=","SE4VUzeIBh9OV+8KjTxDiK/R3Gr2+qpMOI2EPmsjg1o=","UdC5AaaqupF8gr4Jj8gCjJ8+3b+haBh2DmiF1t9qets=","6fAjaNGlzeKuKOIzPzR1WfthZwQzX0RGI4uMXAYmR1Q=","Wury3V+49RnaJzsbKFYUJ7bsJEGyGv4QNN5lfU5hlkg=","XkVGdAYd88KVX6KQXZ9a6UAubBOwMppls9lP2y1gcuI=","PMAvUfuRpH+vjd8uiw3Y0MluMfzam3lazxTXN/WQM2M=","v1A+Fgath7m2k+tWlLjE/FACLrCkTTiknmcJx5oDTVs=","Iu5kE+2GrMVyIjRCZlL3/01bJKsfRyRn7lOBeMlrCPw=","0mYonO5pPf+F6vLw0TcsCCSYUfcViWeWDcDVymJU2xc=","7Vg4C2Cz6uhIRTfa5TEQopimwHWyTe8igZp6gkb/h10=","wGyrCXVskg4sFKXGwsSmfcaowrP+Kb94Pa3pOhxWPxc=","Oynnzo8HJzdWcpRvh5GqKFc8Fj3jkfGosheC077iW4A=","vLw3JxXTb5K4friLi+qA5AJ3OWXeTBiZiMQTxPyf/hY=","xeKykZzSU7DIAtk5sUgzkRzd6oMhMesdn86puv2/s3g=","aJw1Rckyg1uXm4PUI6QUiPtR3B+iDxr2gfqRAIm/pvs=","oFefa2R6lzSHwE26alxg+exrlb89J0G73oKtX+vj14o=","mss023aF4SNxzF6K0pZpzn+NbVBl2dUvnRqQEa/yScA=","jJOLzGjdNSRM65MMR7Ftg8tU6sfTpsGB67Snu5DS9+A=","qBEuDLTeDI4DSNcrY22REMpUj8w0z8WigD7UhvvH2cY=","bbrnK3XNECYdQxvrZUecH75LW9Vi/ygHVbc9f5MRumw=","1HjdA1+ZDYb5VSQV1pMX0A9baunljRQjFYaXo0r9e8E=","TUMVr1KRaebqOZ7YKqBPKM1Uu2zBir51KzREuu5z/wo=","RK0KPMWv9FWyL0D1XtLvq31i1U6cxybM1qkrJShIW9k=","3y86ghjh4KHDoLzV/LQOGlOjhVWEUQRIzhLV1n3hEm8=","beThs53sCmShFiNO/b19lIDPTemFNS12gU4EbmCLumw=","NVzTtV7fGieBQkyGzQ/EJuLipYq0GFBTrfBbxAdGebw=","nbCX2oTMjkr5OUrQClmHPG6AMaclwqFBsv64EWsXmKQ="],"block_size":4096,"path":"cast_game_sender.js"},{"block_hashes":["cjMzvWgzI4UlbXBgtbyy2EvbLBouukGKzzq7bV6fdJw=","m/z0LN0mxo7kSMR3BzG3cV6s3T5EC6kj3lVLyMG51fM=","tcyo3jGZzC8B3Lr1t45MFNKGt8a94FMFay4RhgWXDNc=","pDx/MtH745ULKWwBDk2bnYQMmjNiEcj4PEaXJqwHn/U=","Bczn7i/shoGw7gfUjXk7j0RO7bCgsQFdogmg6Es1SWU=","xq0ajrcYlzmtYNzVwSOfyIJ/WjCN9EJNg9vKcopvLzo=","Od1HhlSsO6mpQceTKGSiiAqkccNcKmgJVYhuLEHDQzM=","CLhvBbUJZP6ruh5IzJDogtBzWK7jZTU0r2hZ4AgOlWI=","QxqaORXUR6nL8KIOTKxe2jkhtOR5yeAh0B/YhJGlq/A=","otdO5eMk0PvrrYx0nrEYfS1psMGcJhB9JXRIdLN3lOI=","R1kAxOB4aJyFzgSc2UmeEbUMcnI2DiGqoE5Q1okLQkQ="],"block_size":4096,"path":"cast_sender.js"},{"block_hashes":["nQLvGQ6ZNRxHmLPW2hFkKuJ/zgjkDZAOB0u0c+Vmm5k=","qqkwwFdel6itrUlYJVMf+O45IJmFB4gSFu9AHWVSxOE=","INdDcJaECT/EG9Pptg+hhDnGgyOVhlIXp2ULHmWEwH8=","yRh9FrM4Ax9ObXiALa3XezgG3oGyCLHBuOSjiMx3nTc=","QwikoBpdKlYZZF/5Lict4xzIS4n6lPMvWxI3x7mY+Qw=","LeubjDcUqF8vSwTbapkNCxLMnzNY3xyDLSXCh/jwiy8=","DvJojpwLgvB96xHYQSrI0gFndh7ilHDCiM+W2KFYdp4=","8XyKpG7vDxUS7GpKK3oSA064WS4axrkIszTlbiWvmhY=","uEeC3pwTRoTOMBvgUHYVL4bzVoXkwZ+CwSzzuPG41sk=","mOQ/vvNmG8ACKL8XkYJqlYOOAGao6P5/0YLLd1FwG7Q=","HVVyuPOsDU5ow7Z3jFutoRB/db3ut9Nc3mQCGZzon3g=","yzg0HBepH3H6ZJsZJ3Pu5r2NLxTTMXQ8sYIFucs0Fyg=","tqOyGp0Ab4haiaAZeBGWkaYq5r8bkRYFIIqtl8xASLA=","YrmSNRrhA01xu3DOKuVCJkBqKd+f61e8GO4Smr1SI8Q=","wvcpFYN+VPacPBPfwtIqckuzyZnIe47hbCo3NB2I9Po=","lsnCt33oXzHUzzyy8lH7dyyOTN71e64m1c7tmhaXLr8=","yXFXXsk9YZ7NTwlStWW9JUzlCIxPL1pjCk4PX0AZLR0=","UWqzLyNXWj73lOG+OwljvOLrEDAOTlo6LytQ/pp1S3A=","DZ3r1edX7x75g427PWdE5pkyQQX+cuhBCw4lvwvdZWo=","dSuBkbWorXyjh40GE4FKvcXWtueH0zfOHOeUKFOse7Y=","wAbCz7hUc4PqaXo97+kgq7SLuvP3jLLQVNoE9IcVZM0=","ayjlQoFrq5X8cIVm2F9B9oZFfXlTU3V4HBEAqv+LG0U=","U++188VefmrU1JJe1tpNuZTpvZj+tshY1NqmfbjAyOM=","ThzsYg7kqslp7FwNW+0CZWpcP8428Yxntb4BInOB5ao=","38I4F/nv4NbcRnNLXlgUBf15Bl7rH74QgSipjy2tiuU=","1/5viiphE4agOCxClDi/12oz/xpcqUaVoBN8Dr3azLo=","LroAkH2pTHbhXuuRMwxOAHcwzoKXgue1MlKapfu3ch0=","PcOiapw9oRuPwT2VZjfvJMFyT1VbN9QmoHowWKKlJ/k=","3+gZe9vn7hch2KNEIpUZFQ3ERR2cUN7JR42P1HmBbzY=","LalC7EI9N1FCXhcbTgST8beTJZGpvN84VvabVNy650U=","jgNeo9wF9osREDiCE/6rPdekKgGQW/CFSY4gN9J6/I4=","0FrMhJP7AIEv84PtkMU10iLp464RfpdPkjdcgzTM1Fg=","R1lvO1Z0fH8pZkTdJx5k2e7so0sysj7IsGNuZy6wDTY=","JC84tD3A5a1vbtoo0+QsLmIM4O+kRQoc0qAd3oTEa04=","p5Z8V27QErCRWz4TC4JCuWIr/xa8FfE5rG49BY08hys="],"block_size":4096,"path":"cast_setup/cast_app.js"},{"block_hashes":["MgZYQcljW1IzKvY3IiIgWpKHSfmbO6rjKZM1FZ2P188=","DLGphte5LbnDdGH/OckkxlzcocHzrPdl6fr8xFbpNNE="],"block_size":4096,"path":"cast_setup/cast_app_min.css"},{"block_hashes":["dTwALeCXDQcyvhysuprD4451so0ugiH5+n+7R3ARtxo="],"block_size":4096,"path":"cast_setup/cast_app_redirect.js"},{"block_hashes":["taGCF4ENrTOcSVKI7QV/FfANl3uFO87L3JlKRoPD97o=","EltQy9OX8Q4Oy1HWZBAVFi/ap/KEE14lgPhwSpvpDMM="],"block_size":4096,"path":"cast_setup/chromecast_logo_grey.png"},{"block_hashes":["JeWGdbydRffIYOAWNzJqZh9oodNg4lCHBuzPpAjt0j8="],"block_size":4096,"path":"cast_setup/devices.html"},{"block_hashes":["0nkscO9XXZ2CKtbiuAS+wTonSuyWmw+New24s12/qDQ="],"block_size":4096,"path":"cast_setup/index.html"},{"block_hashes":["JeWGdbydRffIYOAWNzJqZh9oodNg4lCHBuzPpAjt0j8="],"block_size":4096,"path":"cast_setup/offers.html"},{"block_hashes":["JeWGdbydRffIYOAWNzJqZh9oodNg4lCHBuzPpAjt0j8="],"block_size":4096,"path":"cast_setup/setup.html"},{"block_hashes":["VDKMMpzrtxPfGylE6R1Wow8GzGLNF/BvQJ3bKuEz6Io=","K/690a4l99xoXECjJvdGPL5ROgX3F1rMN6ZBNNCvFwA=","V8hqmcsdpStymFxXC9+VSgExUAuWJE8QuQW1dg53KAk=","GLKL5rmvljJvoD13cP1WwPS876XyaWK8eJNE+J4XAfA=","WR+k5x4f0CIa9CSsc1aMO/nqutVQU8nrhBiV3ZCMFaI=","qYfZRMxMgPH2xDeWi/DTh2+bOz4aX07cj2ZSACtVnII=","uylQX7V3xwd09HjiMInS+Ub48aK4suZmHgGudhMIs7s=","rP0GebFaoMjHW1oz/3VvrK067v8PHPGTCoXhRxHWCN8="],"block_size":4096,"path":"common.js"},{"block_hashes":["pYL8INvK0ZGAALaQ648jfsFOW4Nv1/eZw1cC2I2+aGI="],"block_size":4096,"path":"feedback.css"},{"block_hashes":["Ddrzt4b3WXKKBrhCr4hvcKqc2bboUcabiZar6MZXnto=","hDP8jzIfoDCj7aPTCp7eM9i5KmZyUwQjbfaRryFEdWc=","h9ZLHndA3y6eGE7uLN+trbR37mHGidGjM9n+ejOCL78=","Xjh0HuCTIcOORHPUEzNEOfp8IehkS+BwB+C2yt7zXKU="],"block_size":4096,"path":"feedback.html"},{"block_hashes":["XYElwx5t84pXbWjCtoWRzCxiqH3kM+mc/E9HhZXs0E0=","Lut6hec8XariVe/zwwYpzbzd8DBREKlsr59IdkvoTHA=","byyFwSX3py6Q4C/KdLVbtaMIYOMAvLEyELoDrhQTyVg="],"block_size":4096,"path":"feedback_script.js"},{"block_hashes":["v/sjZ/hyXBAHTPQyxB20wDWY1fmyd4ugIZzfM3ORRxw=","Dtoo1w/5LGY92VL7L6wWZq+mDtm0zJRRGNtbAlaC0KY=","BoEtVFM4hFOx7xnnweTJqG4Qn7UEurqdzXquY7u5T7s=","IMRvqbkjUNSqoLcq2CFoF95DCZ5YLm0vg5f1nOzacFI=","ZJ76MFewL9a3YocX3tY3/qp/bLEArj1h4Xcy+QngOy8=","m2VpU2CR+UxWXF5iiXLgEANDxGKQo5m9UwoH4FiycTg=","fFNjvhw8CBNW1vC6jhXMg3z8ssPnbymxNxgXQG4puM4=","hO/3es3Ai0VTitS8ESuQwwWQtizzbfVET31uQ6YPWeY=","YbSd4SN+AOfwUMmXOhBJMTeMo82F+Di6kU6iQaXsJfQ=","6r9gp70EA0/aMiImEEmNMz2PERDT5++aZ6dGSSbQFMA=","tPmpqQIC8+LEWtJInmhruD2PDzeVhJyhuskuMRjFsVk=","lFjc7VIJksPpN+2MxTkF8V/AC5P0FP07ltidTOz6XMY=","BM7S2xri5EkRN3kUt6w4c3jHRRmzDlL5ORVTT97efZk=","fmTglQ+hvYiZ1vu2jI//9UqxYq83C1+HeSzXxBFLbuk=","GHIG+wfaZnE4ZwEEKQAXkkIp6glS9wfZ8z12phcOoko=","pCwj1qvJd+yAqFKGOXXKWGXb3y8vIM2QLUmxfPK3qSQ=","wH0q0rJdwQZvtwhhprAFZWOsEaFMtxutbSATsfe4i3U=","7BK9ZjqmjWIFGGuJ/R2S3xidtu9mkduwLs5jLDmF7Uc=","wj60Yw82olr39N4Ik1UlKDR9o3ji778sc3v/vQigdOc=","7LDpuO5BbvYjq/vFAXJ0CeV5OZN91MOIYB1hKD2nJto=","9NDwDOVwJ53vYilByiIPLNf8WvQ6Lf3ji/pZMm8g7jM=","sgk0jSfZjoCzjDccZ0yNFLqYsy5kmvn/LmvcrmE34Mk=","x+SL1uMYyJskWV5sZ1fMhpv/fh07aAUlAWO2i0zm1wI=","qAhSOfT2J6PY99NY7afJiQ4psL9bRKgd0GgN9sWlplg=","maPZj4qj0hgb9ChZBWCDmj04v4kMRO3swZDnB4sr+1U=","gMzd2BI5tZRFmLUtpbPDmZVPu379FWQcoXAGGIyBrKQ=","mTn/HY5w7KVap+bvRm5PXyfmSunRAcw9Q4RuGGeod7o=","JbBnyNQwTS8Hgfgem85Npnpiln7je8NA5M8WvorUTnA=","Gppe/m/5pelf5bvGXDGb7KTlmIVGOvK0mUdLFwFDk2Q=","MAO1v6DRnq64OvPL7Fxtl+lsw+o7h41sKJk3mXYcK4M=","5vOAnDwc6YVoM79Znfgk9pnO6V63MBSoj3Nnvof/vfQ=","OW8Q1xwnvN8vPOCjaVNB7KnZYzfuz+kR1Yg8azeOyfQ=","2oV+dEFGJ7OYoE4y3nNCS1DgzjuWmZmwZRQfTipgmIQ=","Lwld3ejZH/qpoG+ow1QEXOHi2ugTIlWB2wbUJ/S5bGo=","7Dyr4OZ+l6fLUKX/AQRLLyAAP5T6G8TmF9mg6k+o+kg=","59kr12MpfRTxitLc8Zky+Zf5yoNTHoVNDr2c3FqqR4U=","+S4pWgSCv3y4L1lJyzviSpU6eG43litDXlqZbGhoNNc=","fshj7iKUKRfR2bwX7sIDTJ9rCp8yUALM9V2udXCSOes=","Z95VoRmi3sZSfZ/RQqv6VoSr8CI/dDlX4Ltr1R/lcQ8=","rGuslXaylGRTAk3bPjgWHRAVf11dKy0egiKbDCGcviM=","Pby4yuCHr6Wix5lCRcfYv0rvoGy4XraKlQlfLmQ9ZPw=","Flk5kCXuU5t316D7Dl8ReNNeA+H+vAOy7L/onXaLWR0=","2v9HwFfnJxaQawsXQ2AktOcH93eau9NgGBZ8TKztPgo=","NK8F4TassF1IaOXq6mt6MtM56+GTT4q+8w78HLu+BeQ=","v50DC9QsNU1zb6JuaLVlVI7XreJ6xLlbpLN3Os/6r04=","RodN0IQqjgcJd1SYIWrMkr+6GKEYp0HqaRcmO7jlzoA=","N+zAxme5V5AgEkmOebN0/seEifrNRWeR0gG1BZVL3qk=","A0a2e3NWhKp1J8UxnFUM9n/93y6tpPRHAl9gUvg9cVg=","JQ8qIH9ETLrybzPI1mpCrR65uOlQzDGy6ZvaSMMw44s=","KSnVMA7bkfV+ZTPkvwhOOIzasv+5i6FXf43NWkF2VSM=","xudxsfIiNJs5iIeh++e4pQHKyixnqcXn2wuQzTdex6k=","XUkKsgDaFsKNuaU/Vc7eOEx7k5Oj9tvADaEoSTSYTG0=","92xVeCKC67Ni/ENqvwL1eFBZws8k9PNtm8j0tm0fnnI=","b01qiaELE238vDrfvliVSf0nenz8FjyKa1MW0uOC7AU=","tW63CUUUfimg1pVSWp0HEP+ft3qpnFdMJllP1JWVLEQ=","U3hhhFjhql//Ijrs33aG3yX/+LDeh6Tlg5KqCvBe7oc=","zIdhOKVtkEX9MEf9TNw/5y3pv++vSo63amVHLtS+GnE=","ygeu3+F+8msC6uMfupx23zqzhhU5W5DoQSUCGXLWjX0=","oeZX7yr2xxQtjvEDneDnD6W4b0c7rYCae81mol5T5Q8=","UXPrhndTRyO0ryMvUUGIkXhWLG1JmtlSES9mMhhBqQg=","K6o6g3bBscUz7NdVIcjrf8/0yd0LdlVChz/BBJk/6q8=","cge+w4a2wjc3dt328zbbVfsvAB83UBbwSr9gpE3UEU8=","5+8IQdi4U9Y0rvRg9VfwmuidA/KhEOoXqy9uK0J3nhE=","Mug7oYzgtOUZbcjCXIWkPi5C6YcMUuQOZX0uTlgUssY=","KYmsY8EarDCg0cC9gXuxaYkxe5BH+CwlwWb47gZt3fc=","aRGlJCo0XtVp/dyLTwaiMhDF4/liZpTiZHzSsdbgayg=","rP2NArLAsUKYHUlbSr3Qs7ov1ir1BhGfRzAGQTmM4K8=","w3L+IGDGbd6/dTopAAPae6JnnpVy6+EMXMHqIUep/Lk=","P1lVSttxtFaH2a0R/nSBifQC3auUkjA90931/JcjX3o=","THhzlR3QpQ8FhVJWIRaFuddRyS0n+zETmRZmmIGxdxY=","MEwlzktuiGerRB5hjGKFuGES9TLFU3/w8g4Dq+Nk8Zk=","1NXYwePBsb5qqlgmuQB2asop6SF1/kU2mOutKD/VirU=","BMcf4pyYY0Ilkm8ZQHkr95poMl7444SEC2ihpbmcRXg=","xLyBtyObla0UuqHTU13eOrsZXlmtWPV2Y73WUEaqlhg=","Z7wh2UIKKEGt9AfjCwJh+7AaEjWWH4UUP/7tbgDyARA=","0t9ETSJXgOVJM/zCFBtI1LnFVTA2EKZTw7vBS+iHAxk=","1gPAChy9KT7oSELm2faUkDZhZ8Djap7fAUwf6CFlSTo=","9dsw5YsK2B1//BI1LMmByH6d+DxDwljzU0wqcYlzNq0=","M4XobHmV3rIiFsDpltPYgRkVX1L/5w35vvfE66vmOlI="],"block_size":4096,"path":"material_css_min.css"},{"block_hashes":["9Bemlo/kLE+oo6+AqkKPlSpwLehRXvF0qPeTuH6Q02o=","A+VYjZFsg1ITbyUhYBsFaJUi97LJQZZsTo2nabquEIs=","wtPzWCdn88eAmD0hCcq+hTmgQ1TUz8Smsd/mK4Da6+g=","5bB2CbU1cQgza9UEMJ7uU3k8wDdzr3HeM5QrB16oiuc=","o9Iz3CR7ruV2rSH9qdPtwvH7XZTweu709dXdVOFMalM=","p3D0j5eD+JpUKZvHMC+uts9WB+oTS6hb90hVr+Rfk8g=","mX+B/zrs/2QTR0EV0IxyCIXd9i2OVovkh3HlgLk33pA=","AsQlxXxlszFt46o7IxhY6Jb6bHZ5Mg41+qP74hnom/Y=","Frjrohsd+i78DObdo1GT3UX5PSO7H0l+HKE4fa4EGUg="],"block_size":4096,"path":"mirroring_cast_streaming.js"},{"block_hashes":["vy+sEJ2X+knnLKlg6TNbbHDCveAHMUT2DFW5uwrQNR4=","MSc32pbjSxPYC23L4pSk0z9c5urLrXwM1KiWQfx3jmo=","NRLC9GOJsVYngjkZwxShWyCbiEHjkhRxojYh2F1UX2M=","B509/1iMpNa8HM465sMR/UMKa12RiXXotg7QS9a4yYs=","R+m4m91HHFL1WUZwswBpcPGEILfBTw+ohK6EjcCFoh8=","JzDy1x2wlv1LUb5foAwyseFQRjCNDoWXPovtozUuoyg=","rHdNH2KxikzDavHgkegPhXQjwc3J3IPRCR/m2PNxA54=","UrYhxBknXR6OEEslBZ+sB6mlJ4fzrW8tX3ZGAbZChjs=","mY2tSTcT1pi+82f99mvAw5pqeD49byHciLViQQzAzmg=","NhDpmoegSd2yVmiAjuWNK3CiQibFjgZYT7qx/Q4B7jw=","E3rZsIDrTZKo+4x4D2XV8ozLHMUTuwybAvx/X/xaMsc=","xp4y6V3HSaESA7vUqMsLEh7XaOJECvrQneBIVhedDRg=","/IyrzrJqBDJMzfIOGvG1P3TsoJ84hDM43XmhQrcCc9k=","iv3GnZNMqm6e+VqhrBs5L6Vt+QD763ZxbbnpN1w4fLw=","UOE9g9sPhvz5tqNvZQpLnaQVum8UjXRIjmdXJ1j6yrI=","t+bl/1BDeodKHX6E/OnNUxc2OFxYAP5UzjbRfpmWsz4=","8x7STfJqEk4s6VGyQzEOq46lJZqmr73kkqyHIBS25/k=","ExHrNnmSkbR11j0y3QSXvrQ0LzDndcLoLXf1VMbBA7E=","GOMN49ku9Nr1L73l7DifvKXauhDRl2C37f9qrv50aRY=","C9EOJy+Fdy+isX60XwuEPcbuS6QmFW4k441yIu2L7yw=","nq/0koEQifJkvlHz6atpqWHBxlpMSvY+dGZPsB93+iw=","OZtmG/HV1QmhJOEGGOz9rXMsK4AWAdn7bHsADr1q6a8=","sxhsFe0L3nwV/wNZDuZs2+Pwpy56Eq37S59FwbixMCg=","83hiN/ZTxEAnaXfhdUXT6uMi44bR99n0QPIN/QTARq0=","HvPkwjqN47R7Y7Iwi2iJzm0nYqH3ab2/MLqq6E3TXRE=","hlp5aNuBSc7uKXV1RIIOFzGnCfOjwFSOxb9/N3diQoY=","TqRLJjckimz+cID5gYyZeSX1ry6DahZza6RvTr72tzg=","/szMnF5uq8qRKM/oB+JyAu/LXPlwbLrBCSd+gVIgtqE=","2NJ1sfhqASgsz9FFn2rf4y4U77MBmUwQtwpXA5jYGys=","MOvm6iOvhsgpSH1S75rHqQqR/3Sku6mzHSPyVd5mcqU=","KnIWtJOSbx4okv3S/FWueqws8+iLQKV4yz/FE8YzrxM=","e+L1J2JILVo5QGqPevdLwcR7tgUJ6FR98lBRqune6Dc=","cVtInSq1xFxht9Jfg4J5bp4Un9+NMxtrZKt8Flx2aV0=","RGByRIoEBWzQWf87aSPeR8NjlBd77IzN4MkAebwf/wQ=","LYnqoBQWo7Xl8effiLpY0kzeMxm8Qk2qyQAvUujX6cE=","JTmzX+jFFyUEJYf4CdAdxUdOYqHx0p2ZpbPkQLmI/ng=","JAPdf+fZi7sR6KN7l8wJwd0gcTAaOC6dfh7M5LBRedw=","XxVv7zy+gkiRVF80g4bVZwxF/Ow9BhbwzvdoKR7fzvA=","ZG6SlmCgORyl1OBQBp6ZqL0z1mtMih8Tk+XI1cgfojI=","Q0QbXuC3VP3ovvygD4Mk5BSLROBRNMYmV6v1UBkxubo=","kOCgduz4/jV0O6aelFT22y5zGhEBfGRj4tD5H5btH4Y=","+pgtdK+i0kE1ya7m968f7KeiOoykB2hrFCFd50Mqe7Y=","fWvuWWOuUhTvlW22wdwi/PMKUnYrpdIKEAHg3O1rof8=","15XaBJ+DUtFM5nENkh4OANb50IzW8q2TBTYXtYUs6s8=","YcLca21vWz86PaeJn7SMZIB3ccPNFGPiodE8XDz1ZVQ=","Gvz67SZvpb0sdYrYsRYMruaEmq1lok8Ov8KRShIA/Rk=","Ov8Jdxa0ipah/vu7IXUvqKJwLz4Ysfu8WdeImHnvNjc=","j5ROG0ITs0hm1kQwHBeOhldTNIJfUjeRAvXm3XkCbEU=","KC7mNthIYggnyvvdcjoWeJbk1nRzLrOwHsmd9a+Emwg=","iZRr/jxyF61ImsKM246I7et8254Jm7ZI7A7oWKH1xgk=","M1KoQEPyEruOP73O29kJtBYg5XPZjp+JQbm9TNjAMwU=","gITCd8OQ6LXNUhBuWMvmV9VoYShuLn2YJ0dbKTuv080=","nvufvcbvBEYWTvyOCKoGphGfTbs+vZsf3Ursq6Eiiss=","xZ5aj1/TMO+goCdVkY0kaRXAOwymo09OtnhGXn8YaUU=","9gW41tiAUOdXukkj2hTMtdA4Y3foPjuHMIKn7E7ZH40=","DXgATdQNjqJ2kjdHCs/TzALjy7OqxmlDoPRBu2HAqTA=","IJuZ7NiFpefTkKvC5xv75PtSsNs4E3EegLwcX3irLmY=","P5Cta59uaUWXRHZuhjbUzFaZpR0tDGiFGi9fBI1ObsA=","5zEXjrcujoCcIj3VMaEuK6XQJFwLqUnl6lkGUZq0sF8=","DWqK07/ENQavBm9d0COam9sjmS7tL4w+OkOvqI73gow="],"block_size":4096,"path":"mirroring_common.js"},{"block_hashes":["iwJ9PheIUocHWv29sN0mKtSuGxUoB+PLFv8a0jJ2yEE=","5d6U2eQjzHNs0d7N3fkOYyt20OpRUeTqmgBPVK/yZKI=","Yjg3LOjcFzpp9DgWlGwglZBvnbx8SXsb6LuZ+KoxalI=","TOsXTDoM+b2fNNnTIVoBStPL/s3LRzJftv7PVaFWqHA=","x1mxEZbstmnuoVjTo3IUrA0Kv69+/4YhXY651AhVAYI=","W1b7Hr7MetMAcv2Lz+pbzzLEhYYAVNf1WKq0hO24vBA=","OkfFa9DfjDlMfvKG+0DPg4CTN32ee7C5i/WEOQBjK9g=","NYYbBs1agZQ145UfKO/HZCL+1Hk/lkPOUSMjC2stHZk=","5snWY5YUlw8obSzO8MgdZsyLXNTeRuTk3Nh5LPAqldk=","FmKsBGdVPRcPVNZnqcLS3yTRRaofUZeGYqSXW7cHI8Y=","R1qC/bYEI+TNnp+p7/PnSVHevigoHwFQ2pBLuXLIRQg=","13Wq6z14DlnSdrKMxwdBNpy1X6I+pwEA68GiXMGSugk=","F9KHlbMsfd2U7BONAzaCEhosrJGPyRzTOLfHXhclAgU=","QNJHS1Vx1wCDzgL51KAoTG+ojNaAZbCc6MeBiSGFMac=","/apPSiRKdMffKjTYjDh73zwaSDu10XwZj41theEe9Ig=","jgvp3cRtyTpJA9swFC7YPpXLfX60yFgDHRK+h5UnZq8=","NdhsIRQ4b6mO4S07wbgDzeJmYZ7SXpvHjdbPHkHLKis=","XrNkeroqFTh4QiC3Pn1zD8il110z1Mk+jM01LNXjIDo=","v3IOOhBbpBoZKpcoJUuj4ljW7mxSzFC32B1fvdqFem0=","VA8VlU4Z62Zbo4t18qJquuVQtVNTiVXB5aZK7NdkiRs=","AxjX3vvTQfh21+8ioOF+PYMmznG4lT5PeRIwv6ujsgw=","GVf/8XzdXw1qTN82n1Cy8w43TPBEqhvC51h4/gxn5ZU=","0Gl2RaRAO1+l5y9Oz2qRR2bsLPJ+huCBkvmFaxkZpOg=","0FObLNIgsvAdbxEHAxfxM7G0qb9Iwp4pVnIAgDY1YkM=","JjAisknSwESZJ4Vqvmb1Hty8fjTvFM4APQe6E2m6AmA=","pjLYnwge9ezb0j+TxtkVmJOu+2XNMMv03geAtBvd9WY=","NkIqzWDhWFLXv5J97V/edmRW91EDn2zsc2BinR5wUTs=","YakwWaa1UZBJTNk+devspt8hCjQ13yYfS0PaFO2voEI=","MekVdNwlyD2u5jOmMCQhKB34vHhXjxIZA6caa6K9NDk=","93l0eQPKQxA1JKvZqiiJw1Ti4UwsM1B4Un+8/T1R29k=","jwNu88NfHvvpatVmQers9wyi5w8CrTXczwi2BKNjlDg=","RQ1wSWxCOJK3bI/Sq+OfF3V2AspFIOmmLpV10q9FZzY=","gK/YkzZMe8kRr1EN5AHVs0RmWHpa/vGuWCO8K+juX3E=","4kCvnQu9DjgW2qNWdPnGhf44kAMOXkOVV8v+WKB0b3w=","ty5cXIEA8kvEtXVf2lci02i0X3UJgjR4yqNXBR1TrcE=","Q1FHnVznbo7N5eZmiBg/BjiY95jqPBGbrj2EMykr+6c=","tq1OCrvQXfFvaPTPh6eCj0sW08D+qXuzBcGi8H0IgJI=","oNodABzpeTysWDLA3VJPY2hKYi6a8SfR2nYu6hq4qVw=","T+ySuAgrFWSU98w1lLr+HMHICGg1DHvLpeNh2EWhrpM=","lFBNMgNbYKAUZaOPcD5unHrwNkgPk33Uqv+ky3reqNg=","DE1ITLnC/HB89cAfpDduSt5Srtya4/QkyZgu0S1HXlg=","2JbOc8HhxB/ajZ8S/KFN59ukkDr2s1zO3Y6o4FP5xi0=","Zk1IKyUvOMh7r3Rz/D5GlDJPwuC6tYLQy6GQ93Xjz+8=","CYNDLTmV+3YF3gD91Xx6pitvBhJc3bvZENYooVBR0yM=","lwTtr7U8GNBWdYZa1ykwlT2xNwGLVB5klA1cckZtSsA=","1x5YyxqmkdhisZ6lEbFoH0kal5gv52XPp34GUVt67Wc=","1HNxUYUFwhnd/ZxhvHUz477QqmwMfRhYuUrj8p6wSR4=","A+FIyFqwycStCm+SWqn3aAOhqQom0635yAB1jk6W490=","PihxQkWM2aoeE/fo6jtVZP806gmx++OTic6rRvQGpdI=","ctygz+hn3yvvZhSGSX/w81loK7HTF9XjyIADX2XdyTo=","m2h0AH5RZlW5i7cTW9Rr40ej+9mZNGXem3GxPEkuz58=","owamVhVcx9bd+iwCyY0nQVLyiNl9sNjozctA+57rInc=","kaxK73cS2bo7rgtVTJX1kN3M3wdE3X0CR/OVmEc0BpY=","YM+1nuvInZa5fBpOCmVsi/vlOKq1Lr4ST+xDqTwHCq8=","Gt35FsnDTvZtQe7KGG4dbDVALvYFJtYO1+ACESSwMN0=","wuU/klv3c3KamDgKHD5woUOVhO74sRYEQyFQql2YsUo=","97q5qmit2dHgOhFCr1mMy66Bc5iQQsNvkT8TUs66AhI=","EWGrAqd6gDJwfz/wP7lUnN/rcjWUZJHrKkAxvA4KUoY=","lHZDF88195UaWbVmuWILV8cfVSvMJ6ABNp5Hp4NPii4=","z7AUQeMnr4ObBJervfcia2UVvlrDAKhU7V9/nHn/e1k=","0ouYI8uhnuAqPnBmlQMuQEcabgkhKxLARYMy0tqxkqM=","HzKQCCQmyx8ezXo5lvkveXrJiLOKM0wXdIcn8jMahPA=","IZ+1PrqJPtZ0XCAhmrEcM+M+GFH8jwgpri60+6Nm41M=","WGhU5ODoaETmnIh1hFl1uCrzHU9aRE9N0ceh3fRDwGw=","WZwW53W9+/rgr4q79pUg3MRTSFBRsb1bR/mmNucWGcU=","Q+bzh7jtDzRUxQRtP+oY3mOaeDrRVw5e4C+A0O9zWqk=","IQdS9y3mC0G6DQxLKkbfSAliMW3fQarGaQ6GIGvFk3s=","x7K3hVw99l9BkBsQ6HAxKl2DOWBuRVJWUOQPkPsFVdc=","S9yL0wElx9i0X/tXYWbHTYracCuhPSCpfnTVERwmdik=","nDgyLNAfcMrbhxy936rL1Mbv/kxkdWwLdVOtGokb3V8=","ka7Mmbz/Jql8pk5Jt8RPfcxM3+WqneRv0hD3D1+QpUc=","jWhkNhUL9E/jBqUudfwKk0Unlnyqbk+902Jqf+3IMMw=","lu6+OaFvTZ9r+k6dRTqoSGl1DW/G+SBjnI4bgAZgQhg=","B6eJXXfdhaHdeoafYAHzfuJvE0l6vaQQ+5bymKouLYc=","LjiigjAq+aDYbBsS7neHZgftzN929sXUv1iBrj6kUew=","QeNb3O2LYOho1ggSHkC27oDqoaxTuZNBu0aGz1n/0ZA=","SePKacKIeJjNRyAiBmt6QdyXWsLAVpzJFuKNsmfukWM=","yW/5vSU8myQzWtVnsVynh4igI+eA1XnJZCS4UUtAdJY=","yAhR8YGI2Hv1FNH6Fw8Yh105yNHre3Mvosn5TctCsrU=","44mVFYjnvphrl6luJWy4v9d5UHOxofkhIZRqPjm4rkM=","Zv+F4XnkCeYA59m2/pwgx6+TtmYtuOmdpSLePrS1RtA=","uEdRnUYjdHpxDPyXTWEknZ9kbY6ODpkhz25jD2OCvSg=","q1ASdGEln2aR8wmDGjozCTDJq3s9y7Uj3dkpj3kI/8M=","6AZd1+ukWa6dRFGz5HA+Mqzhy7IoUB/tylLZ/kxpHGs=","UiJDBux4pCwlsi/8o7jGfe2jcEcu+qGjhgJsV43UL5c=","4SmOt6eQGn0nDYoR2W6EJBvEZ71OgfAXqIEh1xVVkC0=","PtD7P9tR06EzRbiqm3LMvDP2apavAEClW6Q4ZL7TTBA=","VdDHdLqFO9EtPkMPze7/hlO8YNa8ujN9jFUc6MxInrg=","I38Z9S6O7Y4xZ1VcWsqCkmKcjGtbZQC6YGQWvgIpZ+g=","u//VN/RY7u5BH99o3Wg53u5Y1eP0mLfLIQ0XzWC1yF0=","5+ppnyUSsBdP0wz9E11WAG8dsE8zW9p8cSiGp9ymFGM=","4OiGrqbJvhsQma4OC2c565kHx61Ukw3UuDHRqL2hXSQ=","ugwCQLQ4kSLIWrXo/Bpfdp22xuvXymDmjI7EkD0e2EA=","oby5TsLE5CRzB1sBlUKfmh71w+Qp3t+gsX3zdiW47Y0=","+SAyK+mkRxcxpGEhMY8LvmtudLRct2229T4C4z5/pq4=","G+H2I7hBzNq/FiDdFDVW6hPEmQCxNddz42m3kNvrVHM=","pE5FkkbONG3mUw4NafZUzmWQSr4vK5S9GBjD3SA6wlM=","NamDq81aWx03XgclC+jWHcMeAp8m7sG4mxcwIxGuR14=","lq3wWzMvJRJIH6rEL3yfuIdT58as1XlSreX2C5PKZP4=","bB5lDw/drv9328Vl6pOj4OwrpmyWTPHsnqBe2H5rPXU=","cB2jO5bcpOdqizn5lbaVY1g5M+nKnIi1PWPx8ID6Ng8=","D7+kASFHHkXgqQdOcE51BEHZWUjCIIP+n4lLtIe4RXg=","A1Kt09P/bd+oaqI4D+vXZeKV9ZuG7JtE575GeGD32+c=","Gzosx/h0UKhbxPW78Jv4E37Nh753bbuZxtdMDoZBNYk=","vSYplqyDh4w4l+aYFcoY8Xn2/2DjWDmkt9Hf7lT+htY=","j11r0BZj9Gm90Ydgd3AqR5VWHNG3097V1mZG73X28F0=","33l+iN7hjNFt++hPuej79jjsoPZeVtOTZPja+oeQ8Lw=","cO4/R8GxfmVcwJkS5RwA9mNxDE+1FM6htalrRkEy9P8=","XYeUcciTbHU43oNbRTsyP93Alfxf7satZP/ni4f8ogY=","/qvXB1rnndDDcJ8tsA0TBrGywbPnXxxhYSsEBE+ph5A=","m64H+EKqKIkqwSDjGin08OIjERNeeSkYB5tHVVNNS1c=","K737JC40GDHVyg2Cos/X0K6P1QN4N5jRxCYeliH7jYA=","BR8I1uPGmL307I1uAWUjceRrHNLdCs+TiCk7RXBqyk8=","sLSMSBqTlO3yMLqB6n528SFVRhHl/J5TJrUIvAZNi+I=","FmrsxdkamBvu1Tav+ut18FTlKBdSHlUvlPJfRlJtBdY=","3PYyWogjI1LMCoQETKUw+TZfOCHh+sALNXXozhIKqnI=","jC61xJybZnWL5Q1KbvBfo4yzUuI9wK1ooFbHe0oMUAk=","FIbeY6A79bCGTDAnPrQx5KfTWEg3joFzQWPlWgTS+gU=","Y0D0GVv6KufUzqLZiJSX9KhFkjX5z+zbv2zh3Ow80nE=","CB2wcmDHcr+bTVllEjvS3zyw5+uFX76jiPMK6zAgCZI=","HXI1K2sSjcTuE7H/win9Z2r3TxdBQXGZZ8dTbPmxhIU=","Tw9qRttMlU78TTMqqu72UkKYA6igxrQ5e0lohcJkPd0=","56vbspAaFvmbp2VF4ThXwAculKCsGHNchOd/gCZ2Mzw=","7ruP0X0WTNuKxPGay7L3KxFCOwpjEi95YH3/V54qGMY=","RbXeXjRTchdlBmCqUOyVpnSaE8NlQTSTFqE+oCXKuJM=","SdzgD+FIC7NxSwJZCn4E8ip6zB8BDl91TDaPA1GOkfM=","fJXLxXkL8t5npxJco/j5LjZtEdTfa7+u9m+vy/8Z0jQ=","KY/geCmp5CZrJf95VaZ9SGhS1TXx+0QG5dooSknE0AA=","qJua6Dn9Q4QrbJlh37IRajI5LIwsOzSJMruWMWiYyqs=","81Jfiz6P9ele5kHzwWH+VS7N2PxsBctBr8zDuifwA9o=","1ds5keiYQRWwwHiTExu/V+orTjkGx8sWgrKlcU0Va0E=","ZfenN+qMyHAyXInop63kRKrvFE6TeY+8jvWrobvDqUA=","NN0UrdmYRNQhNgpPNlsZ6FjKrDDLY0TSmmLk1KJyWLs=","W39g8FjBGUE3W+UFadAJteX9ejKClTBAzGhPkwpjM+M=","vG5bJ9LbCU5wmKxpQVHmY3NuurmaOs1RiRMydZ4NSuQ=","sVEtPJB1jTHwUXzfh/eWGliFZ4xI+ZT7CzWOztaAHQE=","9qbFzXoAODrp79Xq7iDQBbG8gTTA35PSEksBcPkCLWw=","KlAxDQ98Q18xPtUIVPgvDF/aX/Nm/qKb5UwMb0lbnu8=","+owT1veVitJeLP0wRbXx+IuGss9TjZiWDyAO8IonzE8=","6GHJ6Vd4wljA2r2qVys+G1UTs7BL2oDUl/SbypAtr1Q=","fcpo9WOLiWIYSe+NbYtu5pRMpZymkKa/KpLeARz5dzo=","GDSp0tLAEica/onggdt8ozBM1bhUkUG39dsFF2Rr9DY=","mpXtokSMa0n45d70WboI8rePUF5TEUYMAcvWEY3mS0s=","CwP46xgPlXHSnuW8J51nZX4CTygRq16tr7AL7TDkXrs=","JXoOtR+uopNLGlete9v5I+7GcmGdUM0yuIsrCFEP8LU=","LXPVAP+iDWsD3TbRlkJXmL5ptv4Q0IujVzHYFiXcWKk=","zP6H+UhQ71I0AGwbtFW1JcKJAiHvb7zpIMnGjYAqQVo=","N3j3X3U3AHWIq4Q7ZSX0Z3g5RTqPvs+0nvS7+b4AJ28=","ed/PqMh6+6e0lu0GVEYQwNEgcDmACKlcgQF+RzcRayg=","GzD4hYorRt95D7RLV96ShQtA60oP59ij/2qDbFq2Q5Q="],"block_size":4096,"path":"mirroring_hangouts.js"},{"block_hashes":["M3z1iTWSgvb8+/iBZVBKwMFA6UUzHC0P8I95YxOJMsY="],"block_size":4096,"path":"mirroring_webrtc.js"}],"version":2}