{"BallBoom.ani":"BallBoom098448d3.ani","code.js":"code.js","CubeBoom.ani":"CubeBoom9b6372a9.ani","game/Snake_BG.png":"game/Snake_BGcp3d12034c.png","game/Snake_Num_01.png":"game/Snake_Num_01cp9e83b9db.png","home/bggetcoins.png":"home/bggetcoinscp525b1d3d.png","home/bgremovelines.png":"home/bgremovelinescp5d77d7e8.png","home/bottombg.png":"home/bottombgcp857fa239.png","home/btnstart.png":"home/btnstartcp7e4c0b08.png","home/homebg.png":"home/homebgcp860a2a53.png","home/logo.png":"home/logocp292766fc.png","home/videorevive.png":"home/videorevivecpfd4e0707.png","laya.min.js":"laya.min9c2c128a.js","LayaUISample.max.js":"LayaUISample.maxcp633d440c.js","redbag/bgFetch.png":"redbag/bgFetchcpaaed4be3.png","redbag/bgRedbag.png":"redbag/bgRedbagcp0b8a83eb.png","redbag/btnFetch.png":"redbag/btnFetchcp10667b0a.png","redbag/itemrank.png":"redbag/itemrankcp167c069b.png","res/atlas/comp.atlas":"res/atlas/compcp9f736948.atlas","res/atlas/comp.png":"res/atlas/compcp8c6f8b56.png","res/atlas/game.atlas":"res/atlas/gamecp720fa9be.atlas","res/atlas/game.png":"res/atlas/gamecpd13e6104.png","res/atlas/game1.png":"res/atlas/game1cp61892e4a.png","res/atlas/home.atlas":"res/atlas/homecp6fc32f7d.atlas","res/atlas/home.png":"res/atlas/homecp20c49511.png","res/atlas/navi.atlas":"res/atlas/navicpc807c881.atlas","res/atlas/navi.png":"res/atlas/navicp66016a54.png","res/atlas/redbag.atlas":"res/atlas/redbagcp5f926e09.atlas","res/atlas/redbag.png":"res/atlas/redbagcpce693ca6.png","res/atlas/settle.atlas":"res/atlas/settlecp9286c4f7.atlas","res/atlas/settle.png":"res/atlas/settlecp3d4b75c2.png","settle/bgInvite.png":"settle/bgInvitecp3d616170.png","settle/bgSettle.png":"settle/bgSettlecp7b0b3bda.png","settle/labNum1.png":"settle/labNum1cpe8b88377.png","settle/labNum2.png":"settle/labNum2cpe8b88377.png","sound/add.wav":"sound/add0161178d.wav","sound/cubeboom.wav":"sound/cubeboom5c8710bf.wav","sound/cubehit.wav":"sound/cubehit5e268b4f.wav","svb2ext.max.min.js":"svb2ext.max.min9bd82ddb.js","texture.png":"texturecpef6d7de7.png","unpack.json":"unpackcp8f37f567.json","version.json":"version.json"}