{
  "deviceOrientation": "portrait",
  "showStatusBar": "false",
  "networkTimeout": {
    "request": 10000,
    "connectSocket": 10000,
    "uploadFile": 10000,
    "downloadFile": 10000
  },
  "navigateToMiniProgramAppIdList": [
    "wx4d84d57b9c6c96c7",
    "wx3f93c467201e3a71",
    "wx416c47dbec316545",
    "wx0ed7b3685c55824d",
    "wxbfd4f32f92fbb317",
    "wx9951c2b860e92b76",
    "wxbacc2409c161690b",
    "wx96916f575e838eeb",
    "wx06283a278475d3d4",
    "wx72208efbc97b216b"
  ]
}