{"0":{"sourcePath":"G:\\layagame\\snake\\snake\\bin\\h5","outPath":"G:\\layagame\\snake\\snake\\release\\web","pngQualityLow":"65","pngQualityHigh":"80","jpgQuality":"85","mergeJs":false,"compressPng":false,"compressJpg":false,"compressJson":false,"jsontypes":"json,atlas,ls,lh,lmat,lav","compressJs":false,"enableVersion":false,"excludeFiles":"","publishType":0,"projectType":"as","copyOutFiles":"","copyOutPath":"","userCmd":""},"1":{"sourcePath":"G:\\layagame\\snake\\snake\\bin\\h5","outPath":"G:\\layagame\\snake\\snake\\release\\wxsnake","pngQualityLow":"65","pngQualityHigh":"80","jpgQuality":"85","mergeJs":true,"compressPng":true,"compressJpg":true,"compressJson":true,"jsontypes":"json,atlas,ls,lh,lmat,lav","compressJs":true,"enableVersion":true,"excludeFiles":"","publishType":1,"projectType":"as","copyOutFiles":"","copyOutPath":"","userCmd":""},"pf":1}